antecedents,consequents,antecedent support,consequent support,support,confidence,lift,representativity,leverage,conviction,zhangs_metric,jaccard,certainty,kulczynski
frozenset({'Observed Learning Progress Track_Fast Progress'}),frozenset({'Primary Role_Student'}),0.4295,0.67,0.2775,0.6461001164144354,0.9643285319618439,1.0,-0.010264999999999969,0.9324671052631579,-0.06089142314793513,0.3375912408759125,-0.07242388965322609,0.5301396104460236
frozenset({'Vocabulary Mastery Confidence_3'}),frozenset({'Primary Role_Student'}),0.367,0.67,0.2535,0.6907356948228883,1.030948798243117,1.0,0.007610000000000006,1.0670484581497797,0.04742452427468836,0.3235481812380345,0.06283543885723723,0.5345469518890561
"frozenset({'Observed Learning Progress Track_Fast Progress', 'Vocabulary Mastery Confidence_3'})",frozenset({'Primary Role_Student'}),0.151,0.67,0.1065,0.7052980132450332,1.0526836018582584,1.0,0.005330000000000001,1.1197752808988763,0.05894811349447294,0.1490552834149755,0.10696367650010039,0.4321266185628151
"frozenset({'Observed Learning Progress Track_Moderate Progress', 'Vocabulary Mastery Confidence_3'})",frozenset({'Primary Role_Student'}),0.158,0.67,0.108,0.6835443037974683,1.0202153788021915,1.0,0.002139999999999989,1.0427999999999997,0.02353303422187021,0.15,0.04104334484081301,0.4223691668241073
"frozenset({'Listening Comprehension Confidence_3', 'Vocabulary Mastery Confidence_3'})",frozenset({'Primary Role_Student'}),0.157,0.67,0.117,0.7452229299363058,1.1122730297556802,1.0,0.011810000000000001,1.2952500000000002,0.11973923005951477,0.1647887323943662,0.22794827253425987,0.4599248978039738
frozenset({'Speaking Fluency & Oral Expression Confidence_3'}),frozenset({'Primary Role_Student'}),0.362,0.67,0.2495,0.6892265193370166,1.0286962975179352,1.0,0.006959999999999994,1.0618666666666667,0.04372381125888136,0.31884984025559104,0.058262179809141154,0.5308072895192546
"frozenset({'Observed Learning Progress Track_Fast Progress', 'Speaking Fluency & Oral Expression Confidence_3'})",frozenset({'Primary Role_Student'}),0.147,0.67,0.104,0.7074829931972789,1.0559447659660879,1.0,0.005510000000000001,1.1281395348837209,0.06211110109117144,0.14586255259467037,0.11358482787054207,0.4313534368971469
"frozenset({'Observed Learning Progress Track_Moderate Progress', 'Speaking Fluency & Oral Expression Confidence_3'})",frozenset({'Primary Role_Student'}),0.1705,0.67,0.1135,0.6656891495601173,0.9935658948658466,1.0,-0.0007350000000000134,0.9871052631578945,-0.007746361976429068,0.156121045392022,-0.013063183151159922,0.4175460673173721
"frozenset({'Listening Comprehension Confidence_3', 'Speaking Fluency & Oral Expression Confidence_3'})",frozenset({'Primary Role_Student'}),0.1595,0.67,0.116,0.7272727272727273,1.0854816824966078,1.0,0.009135000000000004,1.21,0.09369422962522313,0.16257883672039244,0.1735537190082644,0.45020352781546813
frozenset({'English Learning Motivation_3'}),frozenset({'Primary Role_Student'}),0.3525,0.67,0.241,0.6836879432624113,1.0204297660633004,1.0,0.004824999999999996,1.0432735426008968,0.030920072413848327,0.30838131797824697,0.0414786159467009,0.5216947178998623
"frozenset({'Primary Role_Student', 'English Learning Motivation_3'})",frozenset({'Observed Learning Progress Track_Moderate Progress'}),0.241,0.4335,0.123,0.5103734439834025,1.1773320507114244,1.0,0.0185265,1.1570042372881355,0.19844789356984482,0.2230281051677244,0.13569893024431148,0.3970552341024279
"frozenset({'English Learning Motivation_3', 'Observed Learning Progress Track_Moderate Progress'})",frozenset({'Primary Role_Student'}),0.176,0.67,0.123,0.6988636363636364,1.0430800542740841,1.0,0.005080000000000001,1.0958490566037735,0.05012234588365302,0.1701244813278008,0.08746556473829187,0.44122286295793756
frozenset({'Current Language Level_Elementary'}),frozenset({'Primary Role_Student'}),0.352,0.67,0.243,0.6903409090909091,1.0303595658073268,1.0,0.00716,1.0656880733944951,0.04547071076563532,0.3119383825417201,0.06163911845730007,0.5265137381275441
"frozenset({'Current Language Level_Elementary', 'Vocabulary Mastery Confidence_3'})",frozenset({'Primary Role_Student'}),0.1735,0.67,0.12,0.69164265129683,1.0323024646221344,1.0,0.0037549999999999945,1.0701869158878505,0.0378604557370437,0.16586040082930198,0.06558379180857565,0.43537356445438513
"frozenset({'Current Language Level_Elementary', 'Speaking Fluency & Oral Expression Confidence_3'})",frozenset({'Primary Role_Student'}),0.1515,0.67,0.105,0.693069306930693,1.034431801389094,1.0,0.003494999999999998,1.0751612903225802,0.03922889132081823,0.14654570830425678,0.06990699069906964,0.4248928624205704
"frozenset({'Current Language Level_Elementary', 'Observed Learning Progress Track_Fast Progress'})",frozenset({'Primary Role_Student'}),0.1505,0.67,0.1035,0.6877076411960132,1.0264293152179302,1.0,0.002664999999999987,1.0567021276595743,0.030310526510336992,0.14435146443514643,0.05365951877579759,0.4210926265681559
"frozenset({'Grammar & Sentence Structure Confidence_3', 'Current Language Level_Elementary'})",frozenset({'Primary Role_Student'}),0.172,0.67,0.116,0.6744186046511629,1.0065949323151684,1.0,0.0007600000000000107,1.0135714285714288,0.007912710311511022,0.15977961432506885,0.013389711064129815,0.4237764665046859
"frozenset({'Primary Role_Student', 'Current Language Level_Elementary'})",frozenset({'Listening Comprehension Confidence_3'}),0.243,0.3845,0.1225,0.5041152263374485,1.3110929163522718,1.0,0.029066499999999995,1.2412157676348545,0.31344458523171487,0.24257425742574262,0.1943383043662852,0.41135540250552527
"frozenset({'Listening Comprehension Confidence_3', 'Current Language Level_Elementary'})",frozenset({'Primary Role_Student'}),0.1685,0.67,0.1225,0.7270029673590503,1.0850790557597765,1.0,0.009604999999999989,1.2088043478260864,0.09429724986807701,0.17108938547486033,0.17273626472439488,0.4549193941272863
"frozenset({'Current Language Level_Elementary', 'Observed Learning Progress Track_Moderate Progress'})",frozenset({'Primary Role_Student'}),0.156,0.67,0.1075,0.6891025641025641,1.0285112897053195,1.0,0.0029799999999999965,1.061443298969072,0.03284470406701198,0.1496172581767571,0.057886557886557756,0.42477516264829696
frozenset({'Reading Confidence_3'}),frozenset({'Primary Role_Student'}),0.3515,0.67,0.243,0.6913229018492176,1.0318252266406234,1.0,0.007495000000000002,1.0690783410138247,0.04756148249680333,0.3121387283236994,0.06461485408853816,0.5270047345066984
"frozenset({'Current Language Level_Elementary', 'Reading Confidence_3'})",frozenset({'Primary Role_Student'}),0.159,0.67,0.112,0.7044025157232704,1.0513470383929409,1.0,0.005469999999999989,1.1163829787234039,0.05807287243077957,0.15620641562064155,0.10425004764627381,0.43578334741387403
"frozenset({'Reading Confidence_3', 'Vocabulary Mastery Confidence_3'})",frozenset({'Primary Role_Student'}),0.1515,0.67,0.103,0.6798679867986799,1.0147283385054924,1.0,0.0014949999999999963,1.0308247422680412,0.01710614390901129,0.14335421016005565,0.029902990299029823,0.416799665041131
"frozenset({'Observed Learning Progress Track_Fast Progress', 'Reading Confidence_3'})",frozenset({'Primary Role_Student'}),0.1465,0.67,0.1005,0.6860068259385667,1.0238907849829353,1.0,0.002345,1.0509782608695655,0.027338410466705716,0.14036312849162014,0.04850553314717157,0.41800341296928334
"frozenset({'Reading Confidence_3', 'Observed Learning Progress Track_Moderate Progress'})",frozenset({'Primary Role_Student'}),0.1545,0.67,0.1075,0.6957928802588996,1.0384968362073128,1.0,0.0039849999999999886,1.0847872340425528,0.043843604307345185,0.1499302649930265,0.07816024320878663,0.4281203207264647
"frozenset({'Listening Comprehension Confidence_3', 'Reading Confidence_3'})",frozenset({'Primary Role_Student'}),0.1495,0.67,0.106,0.7090301003344481,1.0582538810961912,1.0,0.005834999999999993,1.1341379310344826,0.06472330371701433,0.1485634197617379,0.11827303131650939,0.43361952777916435
frozenset({'Daily English Exposure_Moderate'}),frozenset({'Primary Role_Student'}),0.309,0.67,0.2195,0.7103559870550162,1.060232816500024,1.0,0.012469999999999981,1.1393296089385476,0.08221553392297308,0.2890059249506254,0.12229086986368545,0.5189839636767618
frozenset({'Daily English Exposure_Moderate'}),frozenset({'Observed Learning Progress Track_Moderate Progress'}),0.309,0.4335,0.1695,0.5485436893203884,1.2653833663676781,1.0,0.03554850000000001,1.2548279569892475,0.30351036717339247,0.2958115183246074,0.20307800409600785,0.4697735747640005
"frozenset({'Primary Role_Student', 'Daily English Exposure_Moderate'})",frozenset({'Observed Learning Progress Track_Moderate Progress'}),0.2195,0.4335,0.1255,0.571753986332574,1.3189249973069759,1.0,0.030346750000000006,1.3228377659574468,0.30981008700623525,0.23791469194312792,0.24404940217577056,0.43062901162072764
"frozenset({'Daily English Exposure_Moderate', 'Observed Learning Progress Track_Moderate Progress'})",frozenset({'Primary Role_Student'}),0.1695,0.67,0.1255,0.7404129793510325,1.1050939990313917,1.0,0.011934999999999987,1.2712499999999998,0.11450885200918169,0.1757703081232493,0.21337266470009825,0.4638632060934267
"frozenset({'Listening Comprehension Confidence_3', 'Daily English Exposure_Moderate'})",frozenset({'Primary Role_Student'}),0.1405,0.67,0.1045,0.7437722419928825,1.1101078238699738,1.0,0.010364999999999985,1.2879166666666662,0.11540035238023649,0.14801699716713881,0.2235522484632802,0.4498711956233069
frozenset({'Weekly Practice Frequency_5'}),frozenset({'Primary Role_Student'}),0.293,0.67,0.197,0.6723549488054609,1.0035148489633743,1.0,0.0006899999999999962,1.0071875000000003,0.004954084966147058,0.25718015665796345,0.007136208501396463,0.48319239977586476
frozenset({'English Usage Frequency_Several times a week'}),frozenset({'Primary Role_Student'}),0.2725,0.67,0.185,0.6788990825688073,1.0132822127892644,1.0,0.0024249999999999827,1.0277142857142854,0.01801801801801789,0.2442244224422442,0.026966916875173417,0.47750924277694096
frozenset({'English Usage Frequency_Several times a week'}),frozenset({'Observed Learning Progress Track_Moderate Progress'}),0.2725,0.4335,0.141,0.5174311926605504,1.19361290117774,1.0,0.022871249999999982,1.1739258555133079,0.22296556262338213,0.24955752212389382,0.14815744512012424,0.4213453541157423
frozenset({'Primary Learning Approach_Mixed/Combination'}),frozenset({'Primary Role_Student'}),0.2455,0.67,0.167,0.6802443991853361,1.015290148037815,1.0,0.0025149999999999895,1.0320382165605095,0.019960079840319278,0.22311289245156984,0.0310436338949577,0.4647490652643098
frozenset({'Listening Comprehension Confidence_2'}),frozenset({'Primary Role_Student'}),0.242,0.67,0.178,0.7355371900826446,1.0978167016158875,1.0,0.015859999999999985,1.2478124999999998,0.11754765645845058,0.24250681198910082,0.1985975457049836,0.5006044159368447
frozenset({'Listening Comprehension Confidence_2'}),frozenset({'Current Language Level_Beginner'}),0.242,0.298,0.141,0.5826446280991735,1.9551833157690386,1.0,0.06888399999999999,1.6820198019801977,0.6445105634461722,0.35338345864661647,0.4054766782039509,0.5278994952576405
frozenset({'Listening Comprehension Confidence_2'}),frozenset({'Observed Learning Progress Track_Moderate Progress'}),0.242,0.4335,0.124,0.512396694214876,1.1819992946133242,1.0,0.019093,1.1618050847457626,0.20313430930291937,0.22484134179510426,0.1392704222680953,0.39922026175565023
"frozenset({'Primary Role_Student', 'Listening Comprehension Confidence_2'})",frozenset({'Current Language Level_Beginner'}),0.178,0.298,0.104,0.5842696629213483,1.9606364527562024,1.0,0.050956,1.6885945945945944,0.596060265768295,0.27956989247311825,0.4077915426230033,0.4666314757559762
"frozenset({'Listening Comprehension Confidence_2', 'Current Language Level_Beginner'})",frozenset({'Primary Role_Student'}),0.141,0.67,0.104,0.7375886524822696,1.100878585794432,1.0,0.009529999999999997,1.2575675675675677,0.10667592012178738,0.14710042432814707,0.2048140984311198,0.4464062665396422
frozenset({'Grammar & Sentence Structure Confidence_4'}),frozenset({'Primary Role_Student'}),0.1965,0.67,0.122,0.6208651399491094,0.9266643879837453,1.0,-0.009655000000000025,0.8704026845637582,-0.08966215337753779,0.1638683680322364,-0.1488935153057292,0.4014773460939577
frozenset({'Grammar & Sentence Structure Confidence_4'}),frozenset({'Observed Learning Progress Track_Fast Progress'}),0.1965,0.4295,0.1025,0.5216284987277353,1.2145017432543315,1.0,0.018103249999999987,1.1925877659574466,0.21980967413905614,0.19579751671442217,0.16148728961916795,0.38013904563860573
frozenset({'Listening Comprehension Confidence_3'}),frozenset({'Primary Role_Student'}),0.3845,0.67,0.276,0.717815344603381,1.0713661859751955,1.0,0.018384999999999985,1.1694470046082948,0.10822472597982072,0.3545279383429673,0.14489498364660908,0.5648778215554219
"frozenset({'Listening Comprehension Confidence_3', 'Observed Learning Progress Track_Fast Progress'})",frozenset({'Primary Role_Student'}),0.1605,0.67,0.1175,0.7320872274143302,1.0926675036034779,1.0,0.009964999999999988,1.2317441860465113,0.10102264519153993,0.16479663394109395,0.18814311337675804,0.4537301808713442
"frozenset({'Listening Comprehension Confidence_3', 'Observed Learning Progress Track_Moderate Progress'})",frozenset({'Primary Role_Student'}),0.174,0.67,0.125,0.7183908045977012,1.0722250814891063,1.0,0.008419999999999997,1.1718367346938776,0.08154963680387406,0.17385257301808066,0.1466388018112157,0.45247898438840284
frozenset({'Grammar & Sentence Structure Confidence_3'}),frozenset({'Primary Role_Student'}),0.361,0.67,0.241,0.667590027700831,0.9964030264191507,1.0,-0.0008700000000000097,0.9927499999999997,-0.00561765104701399,0.30506329113924047,-0.007302946361118367,0.5136457601190721
"frozenset({'Grammar & Sentence Structure Confidence_3', 'Observed Learning Progress Track_Fast Progress'})",frozenset({'Primary Role_Student'}),0.1575,0.67,0.1075,0.6825396825396826,1.0187159440890783,1.0,0.0019749999999999907,1.0394999999999999,0.02180663860327089,0.14930555555555555,0.037999037999037935,0.4214937218668562
"frozenset({'Listening Comprehension Confidence_3', 'Grammar & Sentence Structure Confidence_3'})",frozenset({'Primary Role_Student'}),0.15,0.67,0.106,0.7066666666666667,1.0547263681592038,1.0,0.005499999999999991,1.1249999999999998,0.06104328523862365,0.14845938375350137,0.111111111111111,0.4324378109452736
"frozenset({'Grammar & Sentence Structure Confidence_3', 'Observed Learning Progress Track_Moderate Progress'})",frozenset({'Primary Role_Student'}),0.161,0.67,0.108,0.670807453416149,1.0012051543524612,1.0,0.00012999999999999123,1.0024528301886788,0.0014346885622212426,0.14937759336099582,0.002446828533784734,0.41600074163344763
"frozenset({'Grammar & Sentence Structure Confidence_3', 'Vocabulary Mastery Confidence_3'})",frozenset({'Primary Role_Student'}),0.1515,0.67,0.1025,0.6765676567656765,1.0098024727845918,1.0,0.0009949999999999959,1.0203061224489793,0.011440562254768052,0.14255910987482615,0.019901990199019698,0.4147763656962711
frozenset({'English Learning Motivation_4'}),frozenset({'Primary Role_Student'}),0.348,0.67,0.232,0.6666666666666667,0.9950248756218906,1.0,-0.0011599999999999944,0.9900000000000001,-0.007610350076103464,0.29516539440203565,-0.01010101010101,0.5064676616915423
frozenset({'English Learning Motivation_4'}),frozenset({'Observed Learning Progress Track_Fast Progress'}),0.348,0.4295,0.1825,0.5244252873563219,1.2210134746363723,1.0,0.03303400000000001,1.1996012084592147,0.2776199680645433,0.3067226890756303,0.16638963603211548,0.4746689882648897
"frozenset({'Primary Role_Student', 'English Learning Motivation_4'})",frozenset({'Observed Learning Progress Track_Fast Progress'}),0.232,0.4295,0.1185,0.5107758620689654,1.1892336718718637,1.0,0.018855999999999984,1.1661321585903082,0.20719057665260182,0.21823204419889505,0.14246426304814272,0.39333903697161887
"frozenset({'Observed Learning Progress Track_Fast Progress', 'English Learning Motivation_4'})",frozenset({'Primary Role_Student'}),0.1825,0.67,0.1185,0.6493150684931507,0.9691269679002248,1.0,-0.0037750000000000145,0.9410156249999999,-0.03750667544306326,0.1614441416893733,-0.06268161062681624,0.41309037006747085
"frozenset({'Listening Comprehension Confidence_3', 'English Learning Motivation_4'})",frozenset({'Primary Role_Student'}),0.1345,0.67,0.1025,0.762081784386617,1.1374354990845028,1.0,0.01238499999999998,1.3870312499999993,0.13960631807357912,0.146011396011396,0.27903571026247564,0.4575334295067413
frozenset({'Speaking Fluency & Oral Expression Confidence_4'}),frozenset({'Primary Role_Student'}),0.2665,0.67,0.163,0.6116322701688556,0.91288398532665,1.0,-0.015555000000000013,0.8497101449275363,-0.11512372747760259,0.21073044602456367,-0.17687190857922566,0.4274579261292039
frozenset({'Speaking Fluency & Oral Expression Confidence_4'}),frozenset({'Observed Learning Progress Track_Fast Progress'}),0.2665,0.4295,0.1455,0.5459662288930581,1.2711670055717301,1.0,0.03103824999999999,1.2565144628099172,0.290826592831526,0.2643051771117166,0.2041476404786295,0.4423661179389621
frozenset({'Vocabulary Mastery Confidence_4'}),frozenset({'Primary Role_Student'}),0.2565,0.67,0.1505,0.5867446393762182,0.8757382677256988,1.0,-0.021355000000000013,0.7985377358490563,-0.16026055942980116,0.19394329896907211,-0.25228897158721764,0.40568575252393
frozenset({'Vocabulary Mastery Confidence_4'}),frozenset({'Observed Learning Progress Track_Fast Progress'}),0.2565,0.4295,0.1325,0.5165692007797271,1.2027222369725894,1.0,0.022333250000000013,1.1801068548387097,0.22670185633985115,0.2393857271906053,0.15261910741407034,0.41253372728159815
frozenset({'Reading Confidence_2'}),frozenset({'Primary Role_Student'}),0.256,0.67,0.1955,0.763671875,1.1398087686567164,1.0,0.02398,1.3963636363636363,0.16486538514424004,0.2676249144421629,0.2838541666666666,0.5277314598880597
frozenset({'Reading Confidence_2'}),frozenset({'Current Language Level_Beginner'}),0.256,0.298,0.133,0.51953125,1.743393456375839,1.0,0.05671200000000001,1.4610731707317073,0.5731263642978415,0.3159144893111639,0.31557158119658124,0.4829199874161074
"frozenset({'Primary Role_Student', 'Reading Confidence_2'})",frozenset({'Current Language Level_Beginner'}),0.1955,0.298,0.102,0.5217391304347826,1.7508024511234317,1.0,0.043740999999999995,1.4678181818181817,0.533043298114771,0.26053639846743293,0.3187167100210579,0.4320105048147067
"frozenset({'Reading Confidence_2', 'Current Language Level_Beginner'})",frozenset({'Primary Role_Student'}),0.133,0.67,0.102,0.7669172932330827,1.1446526764672875,1.0,0.012889999999999985,1.4158064516129027,0.14575841870773668,0.1455064194008559,0.29368876737297767,0.45957804960161597
frozenset({'Daily English Exposure_Very High'}),frozenset({'Observed Learning Progress Track_Fast Progress'}),0.226,0.4295,0.1565,0.6924778761061947,1.6122884193392193,1.0,0.059433,1.8551510791366908,0.490650617926047,0.313627254509018,0.46096034374442546,0.5284275294384291
frozenset({'Daily English Exposure_Very High'}),frozenset({'Primary Role_Student'}),0.226,0.67,0.141,0.6238938053097345,0.9311847840443798,1.0,-0.01042000000000004,0.8774117647058822,-0.08715726784549274,0.1867549668874172,-0.13971574148565322,0.41717078325188217
frozenset({'English Usage Frequency_Multiple times a day'}),frozenset({'Daily English Exposure_Very High'}),0.2185,0.226,0.142,0.6498855835240274,2.875599927097466,1.0,0.09261899999999998,2.210705882352941,0.834608418263902,0.46942148760330576,0.5476557926667021,0.639102083797412
frozenset({'Daily English Exposure_Very High'}),frozenset({'English Usage Frequency_Multiple times a day'}),0.226,0.2185,0.142,0.6283185840707964,2.8755999270974666,1.0,0.09261899999999998,2.1026071428571425,0.8426957091385521,0.46942148760330576,0.5243999796171419,0.639102083797412
frozenset({'English Usage Frequency_Multiple times a day'}),frozenset({'Observed Learning Progress Track_Fast Progress'}),0.2185,0.4295,0.142,0.6498855835240274,1.5131212654808555,1.0,0.048154249999999996,1.6294673202614376,0.4339276220341885,0.28063241106719367,0.38630251275026706,0.49025129001579715
frozenset({'English Usage Frequency_Multiple times a day'}),frozenset({'Primary Role_Student'}),0.2185,0.67,0.139,0.6361556064073227,0.9494859797124219,1.0,-0.007394999999999985,0.9069811320754717,-0.06373708774515495,0.18545697131420946,-0.10255876846265857,0.42180914648724344
"frozenset({'English Usage Frequency_Multiple times a day', 'Observed Learning Progress Track_Fast Progress'})",frozenset({'Daily English Exposure_Very High'}),0.142,0.226,0.101,0.711267605633803,3.147201794839836,1.0,0.06890800000000001,2.68068292682927,0.7951718248747953,0.3782771535580524,0.6269607307930272,0.5790851302505298
"frozenset({'English Usage Frequency_Multiple times a day', 'Daily English Exposure_Very High'})",frozenset({'Observed Learning Progress Track_Fast Progress'}),0.142,0.4295,0.101,0.711267605633803,1.6560363344209617,1.0,0.04001100000000001,1.975878048780489,0.46171155577096185,0.2146652497343252,0.4938958906815127,0.47321238256078973
"frozenset({'Observed Learning Progress Track_Fast Progress', 'Daily English Exposure_Very High'})",frozenset({'English Usage Frequency_Multiple times a day'}),0.1565,0.2185,0.101,0.6453674121405751,2.953626600185699,1.0,0.06680475,2.2036891891891894,0.7841531337484666,0.3686131386861314,0.5462154985803904,0.5538049875348184
frozenset({'Weekly Practice Frequency_6'}),frozenset({'Primary Role_Student'}),0.1865,0.67,0.1215,0.6514745308310992,0.9723500460165659,1.0,-0.0034550000000000136,0.9468461538461537,-0.03377478426417663,0.16530612244897958,-0.05613778536030563,0.41640890720659435
frozenset({'Weekly Practice Frequency_6'}),frozenset({'Observed Learning Progress Track_Fast Progress'}),0.1865,0.4295,0.1185,0.6353887399463807,1.479368428280281,1.0,0.038398249999999995,1.5646801470588234,0.39832312843134965,0.23819095477386934,0.36089174399015017,0.45564547591032656
frozenset({'Primary Learning Approach_Visual Learning'}),frozenset({'Primary Role_Student'}),0.166,0.67,0.113,0.6807228915662651,1.016004315770545,1.0,0.00177999999999999,1.0335849056603774,0.01888754483139142,0.15629322268326415,0.03249361080686378,0.4246898039920878
frozenset({'Writing Confidence_2'}),frozenset({'Primary Role_Student'}),0.3245,0.67,0.24,0.7395993836671803,1.1038796771151944,1.0,0.022584999999999966,1.2672781065088754,0.139310387367382,0.3180914512922465,0.21090722323387948,0.5489041694455304
"frozenset({'Writing Confidence_2', 'Reading Confidence_3'})",frozenset({'Primary Role_Student'}),0.139,0.67,0.1,0.7194244604316546,1.0737678513905293,1.0,0.006869999999999987,1.1761538461538459,0.07979094076655037,0.14104372355430184,0.1497710922171352,0.4343390958874691
"frozenset({'Writing Confidence_2', 'Vocabulary Mastery Confidence_3'})",frozenset({'Primary Role_Student'}),0.1375,0.67,0.1,0.7272727272727273,1.0854816824966078,1.0,0.007874999999999993,1.21,0.09130434782608687,0.14134275618374556,0.1735537190082644,0.43826322930800543
"frozenset({'Writing Confidence_2', 'Observed Learning Progress Track_Moderate Progress'})",frozenset({'Primary Role_Student'}),0.1455,0.67,0.112,0.7697594501718213,1.148894701748987,1.0,0.014515,1.4332835820895524,0.15166555211903368,0.15920398009950248,0.3023013641570343,0.4684618146381495
"frozenset({'Current Language Level_Elementary', 'Writing Confidence_2'})",frozenset({'Primary Role_Student'}),0.137,0.67,0.1035,0.7554744525547444,1.1275738097832007,1.0,0.011709999999999984,1.3495522388059695,0.13110092308036772,0.14712153518123666,0.25901349259013456,0.4549760322475215
"frozenset({'Listening Comprehension Confidence_3', 'Writing Confidence_2'})",frozenset({'Primary Role_Student'}),0.1365,0.67,0.1015,0.7435897435897436,1.109835438193647,1.0,0.010044999999999998,1.287,0.11460974781862107,0.14397163120567377,0.22299922299922298,0.4475411404515882
frozenset({'Reading Confidence_4'}),frozenset({'Primary Role_Student'}),0.238,0.67,0.138,0.5798319327731093,0.8654207951837452,1.0,-0.02145999999999998,0.7854,-0.1694888481708471,0.17922077922077922,-0.2732365673542144,0.3929010410134203
frozenset({'Reading Confidence_4'}),frozenset({'Observed Learning Progress Track_Fast Progress'}),0.238,0.4295,0.1255,0.5273109243697479,1.2277320707095412,1.0,0.023279000000000008,1.2069244444444445,0.24342524913469488,0.23154981549815495,0.17144772019237145,0.40975557859930933
frozenset({'Primary Learning Approach_Reading/Writing'}),frozenset({'Primary Role_Student'}),0.1855,0.67,0.123,0.6630727762803235,0.9896608601198857,1.0,-0.0012850000000000084,0.9794399999999999,-0.012664028737982806,0.16791808873720135,-0.020991587029322967,0.4233274329162811
frozenset({'English Learning Motivation_5'}),frozenset({'Observed Learning Progress Track_Fast Progress'}),0.154,0.4295,0.1075,0.698051948051948,1.6252664681069804,1.0,0.041357000000000005,1.8893978494623656,0.4547473747869592,0.22584033613445376,0.4707308467168239,0.4741714920702115
frozenset({'English Learning Motivation_5'}),frozenset({'Primary Role_Student'}),0.154,0.67,0.1,0.6493506493506493,0.9691800736576855,1.0,-0.0031800000000000023,0.941111111111111,-0.036226930963773094,0.13812154696132595,-0.06257378984651726,0.39930219034696646
frozenset({'Observed Learning Progress Track_Moderate Progress'}),frozenset({'Primary Role_Student'}),0.4335,0.67,0.3,0.6920415224913494,1.032897794763208,1.0,0.00955499999999998,1.0715730337078648,0.056222418358340576,0.373366521468575,0.06679249239802845,0.5699013582606001
frozenset({'Writing Confidence_3'}),frozenset({'Primary Role_Student'}),0.3355,0.67,0.2225,0.6631892697466467,0.9898347309651443,1.0,-0.002285000000000037,0.9797787610619465,-0.015219508946040926,0.2841634738186462,-0.02063857652531311,0.49763941099272635
"frozenset({'Observed Learning Progress Track_Fast Progress', 'Writing Confidence_3'})",frozenset({'Primary Role_Student'}),0.151,0.67,0.102,0.6754966887417219,1.008204013047346,1.0,0.0008299999999999974,1.016938775510204,0.009584516963440235,0.1418636995827538,0.01665663255067219,0.41386774735593557
frozenset({'Grammar & Sentence Structure Confidence_2'}),frozenset({'Primary Role_Student'}),0.2785,0.67,0.199,0.7145421903052064,1.0664808810525468,1.0,0.012404999999999972,1.1560377358490561,0.08639872961480981,0.26551034022681785,0.13497633425820105,0.5057785578391704
frozenset({'Grammar & Sentence Structure Confidence_2'}),frozenset({'Current Language Level_Beginner'}),0.2785,0.298,0.145,0.5206463195691202,1.7471353005675176,1.0,0.06200699999999999,1.4644719101123593,0.592701985805434,0.33603707995365006,0.3171599993862112,0.503611750388587
"frozenset({'Primary Role_Student', 'Grammar & Sentence Structure Confidence_2'})",frozenset({'Current Language Level_Beginner'}),0.199,0.298,0.103,0.5175879396984924,1.7368722808674242,1.0,0.043697999999999994,1.4551874999999996,0.5296534671466492,0.26142131979695427,0.31280333290383533,0.4316127617955549
"frozenset({'Current Language Level_Beginner', 'Grammar & Sentence Structure Confidence_2'})",frozenset({'Primary Role_Student'}),0.145,0.67,0.103,0.7103448275862069,1.0602161605764282,1.0,0.005849999999999994,1.139285714285714,0.0664282064384261,0.14466292134831457,0.12225705329153587,0.43203808543489447
frozenset({'Weekly Practice Frequency_4'}),frozenset({'Primary Role_Student'}),0.261,0.67,0.1745,0.6685823754789272,0.9978841425058614,1.0,-0.00037000000000003697,0.995722543352601,-0.0028609980243651635,0.2306675479180436,-0.0042958318820389635,0.4645150683364785
frozenset({'Weekly Practice Frequency_4'}),frozenset({'Observed Learning Progress Track_Moderate Progress'}),0.261,0.4335,0.1345,0.5153256704980843,1.1887558719678992,1.0,0.0213565,1.1688260869565217,0.21486385198525082,0.2401785714285714,0.14444072462150806,0.412795476540853
frozenset({'Speaking Fluency & Oral Expression Confidence_2'}),frozenset({'Primary Role_Student'}),0.214,0.67,0.1535,0.7172897196261683,1.0705816710838332,1.0,0.01011999999999999,1.1672727272727272,0.08387829359060421,0.21013004791238876,0.1433021806853583,0.4731970986190543
frozenset({'Speaking Fluency & Oral Expression Confidence_2'}),frozenset({'Observed Learning Progress Track_Moderate Progress'}),0.214,0.4335,0.109,0.5093457943925234,1.1749614634198924,1.0,0.016230999999999995,1.1545809523809525,0.18945070849966145,0.20241411327762304,0.13388489742722573,0.3803937737821902
frozenset({'Speaking Fluency & Oral Expression Confidence_2'}),frozenset({'Current Language Level_Beginner'}),0.214,0.298,0.1135,0.530373831775701,1.7797779589788625,1.0,0.04972800000000001,1.4948059701492538,0.5574200490970844,0.2848180677540778,0.33101685438134043,0.4556231574985887
frozenset({'Preferred Practice Activity_Writing Practice'}),frozenset({'Primary Role_Student'}),0.171,0.67,0.107,0.6257309941520467,0.9339268569433532,1.0,-0.007570000000000021,0.8817187499999997,-0.0786305610087981,0.14577656675749318,-0.1341485025695556,0.39271624334468
frozenset({'Primary Learning Approach_Practice-Based'}),frozenset({'Primary Role_Student'}),0.208,0.67,0.143,0.6875,1.0261194029850746,1.0,0.0036399999999999766,1.0559999999999998,0.032139577594122844,0.19455782312925168,0.053030303030302914,0.4504664179104477
frozenset({'English Usage Frequency_Occasionally'}),frozenset({'Primary Role_Student'}),0.159,0.67,0.1085,0.6823899371069182,1.0184924434431615,1.0,0.0019699999999999857,1.0390099009900988,0.021589395990070915,0.15058986814712005,0.03754526396035806,0.42216511780719046
frozenset({'Daily English Exposure_High'}),frozenset({'Primary Role_Student'}),0.346,0.67,0.229,0.661849710982659,0.9878353895263566,1.0,-0.002819999999999989,0.9758974358974358,-0.01848138099170297,0.2909783989834816,-0.024697845507094095,0.5018203778793892
frozenset({'Daily English Exposure_High'}),frozenset({'Observed Learning Progress Track_Fast Progress'}),0.346,0.4295,0.175,0.5057803468208093,1.1776026701299402,1.0,0.026393,1.1543450292397661,0.230607252075142,0.29142381348875934,0.13370788224506452,0.4566154353428843
"frozenset({'Primary Role_Student', 'Daily English Exposure_High'})",frozenset({'Observed Learning Progress Track_Fast Progress'}),0.229,0.4295,0.116,0.5065502183406113,1.179395153295952,1.0,0.017644500000000007,1.156146017699115,0.19728632765329404,0.21382488479262673,0.13505735029029153,0.38831585422269216
"frozenset({'Daily English Exposure_High', 'Observed Learning Progress Track_Fast Progress'})",frozenset({'Primary Role_Student'}),0.175,0.67,0.116,0.6628571428571429,0.9893390191897655,1.0,-0.0012499999999999872,0.978813559322034,-0.012893243940175216,0.15912208504801098,-0.02164502164502157,0.41799573560767594
frozenset({'English Usage Frequency_Daily'}),frozenset({'Primary Role_Student'}),0.2705,0.67,0.18,0.6654343807763401,0.9931856429497613,1.0,-0.0012350000000000416,0.9863535911602208,-0.009317590252367433,0.2366863905325443,-0.013835209768666501,0.46704554859712527
frozenset({'English Usage Frequency_Daily'}),frozenset({'Daily English Exposure_High'}),0.2705,0.346,0.152,0.5619223659889093,1.6240530808928015,1.0,0.058407,1.4928860759493667,0.5267396558565709,0.32723358449946177,0.33015652291882164,0.5006143621852062
"frozenset({'Primary Role_Student', 'English Usage Frequency_Daily'})",frozenset({'Daily English Exposure_High'}),0.18,0.346,0.1025,0.5694444444444444,1.6457931920359667,1.0,0.04022,1.518967741935484,0.47852468768590123,0.2420306965761511,0.34165817193340126,0.4328436095054592
"frozenset({'Daily English Exposure_High', 'English Usage Frequency_Daily'})",frozenset({'Primary Role_Student'}),0.152,0.67,0.1025,0.6743421052631579,1.006480754124116,1.0,0.0006599999999999939,1.013333333333333,0.007593189139438495,0.14246004169562196,0.013157894736841862,0.41366358994501173
frozenset({'Current Language Level_Intermediate'}),frozenset({'Primary Role_Student'}),0.2635,0.67,0.162,0.6148007590132827,0.9176130731541532,1.0,-0.014545000000000002,0.8566995073891623,-0.10865992320219936,0.2099805573558004,-0.16727042723247687,0.428295901894701
frozenset({'Current Language Level_Intermediate'}),frozenset({'Observed Learning Progress Track_Fast Progress'}),0.2635,0.4295,0.1445,0.5483870967741935,1.276803484922453,1.0,0.03132674999999999,1.26325,0.29435725410327057,0.2634457611668185,0.2083910548189194,0.44241240752562994
frozenset({'Listening Comprehension Confidence_4'}),frozenset({'Primary Role_Student'}),0.241,0.67,0.1405,0.58298755186722,0.8701306744286864,1.0,-0.02096999999999999,0.7913432835820895,-0.1643294582299906,0.18234912394548997,-0.2636740852508488,0.3963445222022667
frozenset({'Listening Comprehension Confidence_4'}),frozenset({'Observed Learning Progress Track_Fast Progress'}),0.241,0.4295,0.137,0.5684647302904565,1.3235500123177102,1.0,0.03349050000000002,1.3220240384615387,0.32207668561207137,0.2567947516401125,0.2435841021743322,0.44372014162951234
frozenset({'Learning Goal_Academic Study'}),frozenset({'Primary Role_Student'}),0.24,0.67,0.219,0.9125000000000001,1.3619402985074627,1.0,0.0582,3.771428571428575,0.34967555875991346,0.31693198263386396,0.7348484848484851,0.6196828358208956
"frozenset({'Learning Goal_Academic Study', 'Observed Learning Progress Track_Moderate Progress'})",frozenset({'Primary Role_Student'}),0.111,0.67,0.103,0.9279279279279279,1.3849670566088474,1.0,0.02862999999999999,4.578749999999997,0.312667227276202,0.1519174041297935,0.7815997815997815,0.5408296356057549
frozenset({'Current Language Level_Beginner'}),frozenset({'Observed Learning Progress Track_Moderate Progress'}),0.298,0.4335,0.1545,0.5184563758389262,1.1959777989363927,1.0,0.025317000000000006,1.1764250871080142,0.23342461206538886,0.2677642980935875,0.1499671241640357,0.4374288799609856
frozenset({'Current Language Level_Beginner'}),frozenset({'Primary Role_Student'}),0.298,0.67,0.2205,0.7399328859060403,1.1043774416508063,1.0,0.020839999999999997,1.2689032258064519,0.13463315050616637,0.2949832775919733,0.21191783607891002,0.5345186817589903
"frozenset({'Writing Confidence_2', 'Current Language Level_Beginner'})",frozenset({'Primary Role_Student'}),0.146,0.67,0.104,0.7123287671232876,1.0631772643631159,1.0,0.006179999999999991,1.1471428571428568,0.06958205728697522,0.14606741573033705,0.12826899128268968,0.4337763238601513
"frozenset({'Primary Role_Student', 'Current Language Level_Beginner'})",frozenset({'Observed Learning Progress Track_Moderate Progress'}),0.2205,0.4335,0.1185,0.5374149659863945,1.2397115709028708,1.0,0.022913249999999996,1.2246397058823528,0.24805742077443346,0.22128851540616243,0.18343330271208208,0.40538568368523875
"frozenset({'Current Language Level_Beginner', 'Observed Learning Progress Track_Moderate Progress'})",frozenset({'Primary Role_Student'}),0.1545,0.67,0.1185,0.7669902912621359,1.1447616287494564,1.0,0.014984999999999984,1.4162499999999998,0.1495632125399545,0.1678470254957507,0.2939099735216239,0.47192798145196346
frozenset({'Primary Learning Approach_Listening-Based'}),frozenset({'Primary Role_Student'}),0.195,0.67,0.124,0.6358974358974359,0.9491006505931878,1.0,-0.006650000000000017,0.9063380281690139,-0.062458908612754924,0.16734143049932523,-0.1033411033411036,0.41048603138155376
frozenset({'Learning Goal_Exams/Certifications'}),frozenset({'Primary Role_Student'}),0.1695,0.67,0.142,0.8377581120943951,1.250385241931933,1.0,0.028434999999999974,2.0339999999999976,0.24111556757765112,0.203584229390681,0.5083579154375608,0.5248492053009288
frozenset({'Preferred Practice Activity_Watching English Videos/Movies'}),frozenset({'Primary Role_Student'}),0.15,0.67,0.104,0.6933333333333334,1.0348258706467661,1.0,0.0034999999999999892,1.076086956521739,0.039592760180995355,0.14525139664804468,0.07070707070707066,0.42427860696517417
frozenset({'Vocabulary Mastery Confidence_2'}),frozenset({'Current Language Level_Beginner'}),0.221,0.298,0.135,0.6108597285067874,2.0498648607610317,1.0,0.06914200000000001,1.8039767441860466,0.6574620833927638,0.3515625,0.4456691289270476,0.5319399313674877
frozenset({'Vocabulary Mastery Confidence_2'}),frozenset({'Observed Learning Progress Track_Moderate Progress'}),0.221,0.4335,0.111,0.502262443438914,1.1586215534923046,1.0,0.015196500000000002,1.13815,0.1757450647052701,0.20423183072677092,0.12138118877125158,0.3791589033803566
frozenset({'Vocabulary Mastery Confidence_2'}),frozenset({'Primary Role_Student'}),0.221,0.67,0.174,0.7873303167420814,1.1751198757344499,1.0,0.02592999999999998,1.5517021276595742,0.19130037035397562,0.2426778242677824,0.35554641436994366,0.5235159046396974
"frozenset({'Primary Role_Student', 'Vocabulary Mastery Confidence_2'})",frozenset({'Current Language Level_Beginner'}),0.174,0.298,0.104,0.5977011494252874,2.005708555118414,1.0,0.052148,1.7449714285714286,0.6070497299310859,0.2826086956521739,0.42692471428103623,0.47334721900794574
"frozenset({'Vocabulary Mastery Confidence_2', 'Current Language Level_Beginner'})",frozenset({'Primary Role_Student'}),0.135,0.67,0.104,0.7703703703703703,1.1498065229408512,1.0,0.013549999999999979,1.4370967741935474,0.1506224988883946,0.1483594864479315,0.3041526374859704,0.46279712548369256
